<?xml version="1.0" encoding="utf-8"?>
<!-- File generated from: /home/runner/work/GoldHEN_Patch_Repository/GoldHEN_Patch_Repository/patches/xml/ResidentEvil4Remake-Orbis.xml @ 2024-05-07 23:36:34 Tuesday (UTC +0000) -->
<Patch>
    <TitleID>
        <ID>CUSA33387</ID>
        <ID>CUSA33388</ID>
        <ID>CUSA35714</ID>
    </TitleID>
    <Metadata Title="Resident Evil 4 Remake"
              Name="30 FPS"
              Author="illusion"
              Note="Forces the game to run at 30FPS.\nLeave patch disabled if unlocked framerate is desired."
              PatchVer="1.0"
              AppVer="mask"
              AppElf="eboot.bin">
        <PatchList>
            <Line Type="mask" Address="c4 e2 78 f2 f1 e8 ?? ?? ?? ?? 85 c0 75 ??" Value="be01000000"/>
        </PatchList>
    </Metadata>
    <Metadata Title="Resident Evil 4 Remake"
              Name="Resolution Scale: 83%"
              Author="illusion"
              PatchVer="1.0"
              AppVer="mask"
              AppElf="eboot.bin">
        <PatchList>
            <Line Type="mask" Address="c5 fa 10 88 48 17 00 00 c5 f8 2e c8 75 ?? 7a ?? c3" Value="c78048170000e17a543fc3"/>
        </PatchList>
    </Metadata>
    <Metadata Title="Resident Evil 4 Remake"
              Name="Resolution Scale: 67%"
              Author="illusion"
              PatchVer="1.0"
              AppVer="mask"
              AppElf="eboot.bin">
        <PatchList>
            <Line Type="mask" Address="c5 fa 10 88 48 17 00 00 c5 f8 2e c8 75 ?? 7a ?? c3" Value="c780481700001f852b3fc3"/>
        </PatchList>
    </Metadata>
    <Metadata Title="Resident Evil 4 Remake"
              Name="Resolution Scale: 50%"
              Author="illusion"
              PatchVer="1.0"
              AppVer="mask"
              AppElf="eboot.bin">
        <PatchList>
            <Line Type="mask" Address="c5 fa 10 88 48 17 00 00 c5 f8 2e c8 75 ?? 7a ?? c3" Value="c780481700000000003fc3"/>
        </PatchList>
    </Metadata>
    <Metadata Title="Resident Evil 4 Remake"
              Name="Resolution Scale: 25%"
              Author="illusion"
              PatchVer="1.0"
              AppVer="mask"
              AppElf="eboot.bin">
        <PatchList>
            <Line Type="mask" Address="c5 fa 10 88 48 17 00 00 c5 f8 2e c8 75 ?? 7a ?? c3" Value="c780481700000000803ec3"/>
        </PatchList>
    </Metadata>
</Patch>
