<?xml version="1.0" encoding="utf-8"?>
<!-- File generated from: /home/runner/work/GoldHEN_Patch_Repository/GoldHEN_Patch_Repository/patches/xml/ResidentEvilHD-Orbis.xml @ 2024-05-07 23:36:34 Tuesday (UTC +0000) -->
<Patch>
    <TitleID>
        <ID>CUSA01067</ID>
    </TitleID>
    <Metadata Title="Resident Evil: HD"
              Name="60 FPS Unlock"
              Author="illusion"
              PatchVer="1.0"
              AppVer="01.00"
              AppElf="eboot.bin">
        <PatchList>
            <Line Type="bytes32" Address="0x004b494b" Value="0x42700000"/>
            <Line Type="bytes32" Address="0x004b494f" Value="0x42700000"/>
        </PatchList>
    </Metadata>
</Patch>
