<?xml version="1.0" encoding="utf-8"?>
<!-- File generated from: /home/runner/work/GoldHEN_Patch_Repository/GoldHEN_Patch_Repository/patches/xml/Tekken7-Orbis.xml @ 2024-05-07 23:36:34 Tuesday (UTC +0000) -->
<Patch>
    <TitleID>
        <ID>CUSA05972</ID>
    </TitleID>
    <Metadata Title="Tekken 7"
              Name="Disable Post Processing"
              Author="illusion"
              PatchVer="1.0"
              AppVer="04.00"
              AppElf="eboot.bin">
        <PatchList>
            <Line Type="bytes" Address="0x01efdedc" Value="48e9"/>
        </PatchList>
    </Metadata>
</Patch>
