<?xml version="1.0" encoding="utf-8"?>
<!-- File generated from: /home/runner/work/GoldHEN_Patch_Repository/GoldHEN_Patch_Repository/patches/xml/GhostOfTsushimaDC-Orbis.xml @ 2024-05-07 23:36:34 Tuesday (UTC +0000) -->
<Patch>
    <TitleID>
        <ID>CUSA11456</ID>
        <ID>CUSA13323</ID>
    </TitleID>
    <Metadata Title="Ghost of Tsushima: Director's Cut"
              Name="60 FPS Unlock"
              Note="Enable 'Better Framerate Mode' in the game options menu on PS4 Pro."
              Author="illusion"
              PatchVer="1.0"
              AppVer="02.13"
              AppElf="eboot.bin">
        <PatchList>
            <Line Type="bytes" Address="0x00b03b1a" Value="eb12"/>
        </PatchList>
    </Metadata>
    <Metadata Title="Ghost of Tsushima: Director's Cut"
              Name="900p for Pro"
              Note="Enable 'Better Framerate Mode' in the game options menu on PS4 Pro."
              Author="illusion"
              PatchVer="1.0"
              AppVer="02.13"
              AppElf="eboot.bin">
        <PatchList>
            <Line Type="bytes32" Address="0x00b02bd1" Value="0x00000640"/>
            <Line Type="bytes32" Address="0x00b02bd5" Value="0x00000384"/>
        </PatchList>
    </Metadata>
    <Metadata Title="Ghost of Tsushima: Director's Cut"
              Name="Disable Checkerboarding"
              Note="Enable 'Better Framerate Mode' in the game options menu on PS4 Pro."
              Author="illusion"
              PatchVer="1.0"
              AppVer="02.13"
              AppElf="eboot.bin">
        <PatchList>
            <Line Type="byte" Address="0x00b02bea" Value="0x00"/>
        </PatchList>
    </Metadata>
    <Metadata Title="Ghost of Tsushima: Director's Cut"
              Name="60 FPS Unlock"
              Note="Enable 'Better Framerate Mode' in the game options menu on PS4 Pro."
              Author="illusion"
              PatchVer="1.0"
              AppVer="02.18"
              AppElf="eboot.bin">
        <PatchList>
            <Line Type="bytes" Address="0x00b04630" Value="4831f6"/>
        </PatchList>
    </Metadata>
    <Metadata Title="Ghost of Tsushima: Director's Cut"
              Name="900p for Pro"
              Note="Enable 'Better Framerate Mode' in the game options menu on PS4 Pro."
              Author="illusion"
              PatchVer="1.0"
              AppVer="02.18"
              AppElf="eboot.bin">
        <PatchList>
            <Line Type="bytes32" Address="0x00b036f1" Value="0x00000640"/>
            <Line Type="bytes32" Address="0x00b036f5" Value="0x00000384"/>
        </PatchList>
    </Metadata>
    <Metadata Title="Ghost of Tsushima: Director's Cut"
              Name="Disable Checkerboarding"
              Note="Enable 'Better Framerate Mode' in the game options menu on PS4 Pro."
              Author="illusion"
              PatchVer="1.0"
              AppVer="02.18"
              AppElf="eboot.bin">
        <PatchList>
            <Line Type="byte" Address="0x00b0370a" Value="0x00"/>
        </PatchList>
    </Metadata>
</Patch>
