<?xml version="1.0" encoding="utf-8"?>
<!-- File generated from: /home/runner/work/GoldHEN_Patch_Repository/GoldHEN_Patch_Repository/patches/xml/Bloodborne-Orbis.xml @ 2024-05-07 23:36:34 Tuesday (UTC +0000) -->
<Patch>
    <TitleID>
        <ID>CUSA00900</ID>
        <ID>CUSA00207</ID>
        <ID>CUSA03173</ID>
        <ID>CUSA00208</ID>
        <ID>CUSA01363</ID>
    </TitleID>
    <Metadata Title="Bloodborne"
              Name="Skip Intro"
              Author="illusion"
              PatchVer="1.0"
              AppVer="01.09"
              AppElf="eboot.bin">
        <PatchList>
            <Line Type="bytes32" Address="0x04d99138" Value="0x00000000"/>
            <Line Type="bytes32" Address="0x04d99154" Value="0x00000000"/>
            <Line Type="bytes32" Address="0x04d9916e" Value="0x00000000"/>
        </PatchList>
    </Metadata>
    <Metadata Title="Bloodborne"
              Name="30 FPS Fix (Proper Frame Pacing)"
              Note="Caps framerate to 30 with proper frame pacing."
              Author="illusion, Lance McDonald (manfightdragon)"
              PatchVer="1.0"
              AppVer="01.09"
              AppElf="eboot.bin">
        <PatchList>
            <Line Type="float32" Address="0x02434883" Value="0.016666667"/>
            <Line Type="bytes" Address="0x02ad61df" Value="be010000004989dc9090909090"/>
        </PatchList>
    </Metadata>
    <Metadata Title="Bloodborne"
              Name="Disable Chromatic Aberration"
              Author="illusion"
              PatchVer="1.0"
              AppVer="01.09"
              AppElf="eboot.bin">
        <PatchList>
            <Line Type="bytes" Address="0x0269faa8" Value="c783ac000000000000009090"/>
        </PatchList>
    </Metadata>
    <Metadata Title="Bloodborne"
              Name="Disable Motion Blur"
              Author="illusion"
              PatchVer="1.0"
              AppVer="01.09"
              AppElf="eboot.bin">
        <PatchList>
            <Line Type="bytes" Address="0x026a057b" Value="eb16"/>
        </PatchList>
    </Metadata>
    <Metadata Title="Bloodborne"
              Name="60 FPS (With Deltatime)"
              Note="You may encounter softlock during Laurence (optional DLC boss) cinematic.\nDisable patch to progress."
              Author="Lance McDonald (manfightdragon)"
              PatchVer="1.0"
              AppVer="01.09"
              AppElf="eboot.bin">
        <PatchList>
            <Line Type="bytes" Address="0x00fbc40f" Value="eb1d"/>
            <Line Type="bytes" Address="0x013d2e16" Value="eb19"/>
            <Line Type="bytes" Address="0x013d2e18" Value="4156"/>
            <Line Type="bytes" Address="0x013d2e1a" Value="41c746080000003f"/>
            <Line Type="bytes" Address="0x013d2e22" Value="c4c17a5e4608"/>
            <Line Type="bytes" Address="0x013d2e28" Value="415e"/>
            <Line Type="bytes" Address="0x013d2e2a" Value="e933070000"/>
            <Line Type="bytes" Address="0x013d2e2f" Value="90"/>
            <Line Type="bytes" Address="0x013d2e30" Value="90"/>
            <Line Type="bytes" Address="0x013d3557" Value="c4c17a104608"/>
            <Line Type="bytes" Address="0x013d355d" Value="e9b6f8ffff"/>
            <Line Type="bytes" Address="0x01bf9b71" Value="e933010000"/>
            <Line Type="bytes" Address="0x01bf9b76" Value="90"/>
            <Line Type="bytes" Address="0x01bf9b77" Value="90"/>
            <Line Type="bytes" Address="0x01bf9ca9" Value="488d054868d403"/>
            <Line Type="bytes" Address="0x01bf9cb0" Value="488b00"/>
            <Line Type="bytes" Address="0x01bf9cb3" Value="8b8064020000"/>
            <Line Type="bytes" Address="0x01bf9cb9" Value="8945b8"/>
            <Line Type="bytes" Address="0x01bf9cbc" Value="90"/>
            <Line Type="bytes" Address="0x01bf9cbd" Value="90"/>
            <Line Type="bytes" Address="0x01bf9cbe" Value="90"/>
            <Line Type="bytes" Address="0x01bf9cbf" Value="90"/>
            <Line Type="bytes" Address="0x01bf9cc0" Value="90"/>
            <Line Type="bytes" Address="0x01bf9cc1" Value="90"/>
            <Line Type="bytes" Address="0x01bf9cc2" Value="90"/>
            <Line Type="bytes" Address="0x01bf9cc3" Value="90"/>
            <Line Type="bytes" Address="0x01bf9cc4" Value="90"/>
            <Line Type="bytes" Address="0x01bf9cc5" Value="90"/>
            <Line Type="bytes" Address="0x01bf9cc6" Value="90"/>
            <Line Type="bytes" Address="0x01bf9cc7" Value="90"/>
            <Line Type="bytes" Address="0x01bf9cc8" Value="90"/>
            <Line Type="bytes" Address="0x01bf9cc9" Value="90"/>
            <Line Type="bytes" Address="0x01bf9cca" Value="90"/>
            <Line Type="bytes" Address="0x01bf9ccb" Value="90"/>
            <Line Type="bytes" Address="0x01bf9ccc" Value="90"/>
            <Line Type="bytes" Address="0x01bf9ccd" Value="90"/>
            <Line Type="bytes" Address="0x01bf9cce" Value="90"/>
            <Line Type="bytes" Address="0x01bf9ccf" Value="90"/>
            <Line Type="bytes" Address="0x01bf9cd0" Value="90"/>
            <Line Type="bytes" Address="0x01bf9cd1" Value="90"/>
            <Line Type="bytes" Address="0x01bf9cd2" Value="e9a1feffff"/>
            <Line Type="bytes" Address="0x020367c7" Value="488d351cd2c702"/>
            <Line Type="bytes" Address="0x020369e8" Value="488d35b5cfc702"/>
            <Line Type="bytes" Address="0x021bc181" Value="488d3d70437803"/>
            <Line Type="bytes" Address="0x021bc188" Value="488b3f"/>
            <Line Type="bytes" Address="0x021bc18b" Value="c5fa598764020000"/>
            <Line Type="bytes" Address="0x021bc193" Value="90"/>
            <Line Type="bytes" Address="0x021bc194" Value="90"/>
            <Line Type="bytes" Address="0x021bc195" Value="90"/>
            <Line Type="bytes" Address="0x021bc196" Value="90"/>
            <Line Type="bytes" Address="0x021bc197" Value="90"/>
            <Line Type="bytes" Address="0x021bc198" Value="90"/>
            <Line Type="bytes" Address="0x021bc199" Value="90"/>
            <Line Type="bytes" Address="0x021bc19a" Value="90"/>
            <Line Type="bytes" Address="0x021bc19b" Value="90"/>
            <Line Type="bytes" Address="0x021bc19c" Value="90"/>
            <Line Type="bytes" Address="0x021bc19d" Value="e96e010000"/>
            <Line Type="bytes" Address="0x021bc308" Value="e974feffff"/>
            <Line Type="bytes" Address="0x021bc30d" Value="90"/>
            <Line Type="bytes" Address="0x021bc30e" Value="90"/>
            <Line Type="bytes" Address="0x021bc30f" Value="90"/>
            <Line Type="bytes" Address="0x02377cea" Value="eb24"/>
            <Line Type="bytes" Address="0x02377cec" Value="488d1d05885c03"/>
            <Line Type="bytes" Address="0x02377cf3" Value="488b1b"/>
            <Line Type="bytes" Address="0x02377cf6" Value="c5fa108364020000"/>
            <Line Type="bytes" Address="0x02377cfe" Value="90"/>
            <Line Type="bytes" Address="0x02377cff" Value="90"/>
            <Line Type="bytes" Address="0x02377d00" Value="90"/>
            <Line Type="bytes" Address="0x02377d01" Value="90"/>
            <Line Type="bytes" Address="0x02377d02" Value="90"/>
            <Line Type="bytes" Address="0x02377d03" Value="90"/>
            <Line Type="bytes" Address="0x02377d04" Value="90"/>
            <Line Type="bytes" Address="0x02377d05" Value="90"/>
            <Line Type="bytes" Address="0x02377d06" Value="90"/>
            <Line Type="bytes" Address="0x02377d07" Value="90"/>
            <Line Type="bytes" Address="0x02377d08" Value="90"/>
            <Line Type="bytes" Address="0x02377d09" Value="90"/>
            <Line Type="bytes" Address="0x02377d0a" Value="90"/>
            <Line Type="bytes" Address="0x02377d0b" Value="90"/>
            <Line Type="bytes" Address="0x02377d0c" Value="90"/>
            <Line Type="bytes" Address="0x02377d0d" Value="90"/>
            <Line Type="bytes" Address="0x02377d0e" Value="eb42"/>
            <Line Type="bytes" Address="0x02377d48" Value="eba2"/>
            <Line Type="bytes" Address="0x02418e3d" Value="8b8364020000"/>
            <Line Type="bytes" Address="0x02418e43" Value="8945c8"/>
            <Line Type="bytes" Address="0x02418e46" Value="90"/>
            <Line Type="bytes" Address="0x02418e47" Value="90"/>
            <Line Type="bytes" Address="0x02418e48" Value="90"/>
            <Line Type="bytes" Address="0x02418e49" Value="90"/>
            <Line Type="bytes" Address="0x02418e4a" Value="90"/>
            <Line Type="bytes" Address="0x02418e4b" Value="90"/>
            <Line Type="bytes" Address="0x02418e4c" Value="90"/>
            <Line Type="bytes" Address="0x02418e4d" Value="90"/>
            <Line Type="bytes" Address="0x02418e4e" Value="90"/>
            <Line Type="bytes" Address="0x02418e4f" Value="90"/>
            <Line Type="bytes" Address="0x02418e50" Value="90"/>
            <Line Type="bytes" Address="0x02418e51" Value="90"/>
            <Line Type="bytes" Address="0x02418e52" Value="90"/>
            <Line Type="bytes" Address="0x02418e53" Value="90"/>
            <Line Type="bytes" Address="0x02418e54" Value="90"/>
            <Line Type="bytes" Address="0x02418e55" Value="90"/>
            <Line Type="bytes" Address="0x02418e56" Value="90"/>
            <Line Type="bytes" Address="0x02418e57" Value="90"/>
            <Line Type="bytes" Address="0x02418e58" Value="90"/>
            <Line Type="bytes" Address="0x02418e59" Value="90"/>
            <Line Type="bytes" Address="0x02418e5a" Value="90"/>
            <Line Type="bytes" Address="0x02418e5b" Value="90"/>
            <Line Type="bytes" Address="0x02418e5c" Value="90"/>
            <Line Type="bytes" Address="0x02418e5d" Value="90"/>
            <Line Type="bytes" Address="0x02418e5e" Value="90"/>
            <Line Type="bytes" Address="0x02418e5f" Value="90"/>
            <Line Type="bytes" Address="0x02418e60" Value="90"/>
            <Line Type="bytes" Address="0x02418e61" Value="90"/>
            <Line Type="bytes" Address="0x02418e62" Value="90"/>
            <Line Type="bytes" Address="0x02418e63" Value="90"/>
            <Line Type="bytes" Address="0x02418e64" Value="488d05a5765203"/>
            <Line Type="bytes" Address="0x0243487e" Value="41c74424188988883c"/>
            <Line Type="bytes" Address="0x02434887" Value="48b90000000001000000"/>
            <Line Type="bytes" Address="0x02483ec1" Value="c3"/>
            <Line Type="bytes" Address="0x02483ec2" Value="90"/>
            <Line Type="bytes" Address="0x02483ec3" Value="90"/>
            <Line Type="bytes" Address="0x02483ec4" Value="90"/>
            <Line Type="bytes" Address="0x02483ec5" Value="90"/>
            <Line Type="bytes" Address="0x02715d71" Value="e881090000"/>
            <Line Type="bytes" Address="0x02715d76" Value="90"/>
            <Line Type="bytes" Address="0x02715d77" Value="90"/>
            <Line Type="bytes" Address="0x02715d78" Value="90"/>
            <Line Type="utf16" Address="0x04cb39ea" Value="This 60fps patch was"/>
            <Line Type="utf16" Address="0x04cb39a4" Value="Made with love, by Lance McDonald"/>
            <!-- yoink `assert()` -->
            <Line Type="bytes" Address="0x02fbf178" Value="4831c0c3"/>
        </PatchList>
    </Metadata>
    <Metadata Title="Bloodborne"
              Name="Resolution Patch (720p)"
              Author="Lance McDonald (manfightdragon)"
              PatchVer="1.0"
              AppVer="01.09"
              AppElf="eboot.bin">
        <PatchList>
            <Line Type="bytes32" Address="0x055289f8" Value="0x00000500"/>
            <Line Type="bytes32" Address="0x055289fc" Value="0x000002d0"/>
            <Line Type="bytes" Address="0x01a44c55" Value="b880070000"/>
            <Line Type="bytes" Address="0x01a44c5a" Value="90"/>
            <Line Type="bytes" Address="0x01a44c5b" Value="90"/>
            <Line Type="bytes" Address="0x01a44c5c" Value="90"/>
            <Line Type="bytes" Address="0x01a44c5d" Value="90"/>
            <Line Type="bytes" Address="0x01a44c5e" Value="c4e1fa2ac8"/>
            <Line Type="bytes" Address="0x01a44c63" Value="b838040000"/>
            <Line Type="bytes" Address="0x01a44c68" Value="90"/>
            <Line Type="bytes" Address="0x01a44c69" Value="90"/>
            <Line Type="bytes" Address="0x01a44c6a" Value="90"/>
            <Line Type="bytes" Address="0x01a44c6b" Value="90"/>
            <Line Type="bytes" Address="0x01a452c7" Value="b880070000"/>
            <Line Type="bytes" Address="0x01a452cc" Value="90"/>
            <Line Type="bytes" Address="0x01a452cd" Value="90"/>
            <Line Type="bytes" Address="0x01a452ce" Value="90"/>
            <Line Type="bytes" Address="0x01a452cf" Value="90"/>
            <Line Type="bytes" Address="0x01a452d0" Value="c4e1fa2ac8"/>
            <Line Type="bytes" Address="0x01a452d5" Value="b838040000"/>
            <Line Type="bytes" Address="0x01a452da" Value="90"/>
            <Line Type="bytes" Address="0x01a452db" Value="90"/>
            <Line Type="bytes" Address="0x01a452dc" Value="90"/>
            <Line Type="bytes" Address="0x01a452dd" Value="90"/>
        </PatchList>
    </Metadata>
    <Metadata Title="Bloodborne"
              Name="Force Enable Old Hunters DLC"
              Note="Also bypass save data requirement from users that don't have DLC on their console but using save from user that does."
              Author="Lance McDonald (manfightdragon)"
              PatchVer="1.0"
              AppVer="01.09"
              AppElf="eboot.bin">
        <PatchList>
            <Line Type="bytes" Address="0x023b6d20" Value="b801000000"/>
        </PatchList>
    </Metadata>
    <Metadata Title="Bloodborne"
              Name="Restore Debug Camera"
              Note="Hold Action (X button) and press the L3 button to cycle through freecam modes."
              Author="Lance McDonald (manfightdragon)"
              PatchVer="1.0"
              AppVer="01.09"
              AppElf="eboot.bin">
        <PatchList>
            <Line Type="bytes" Address="0x01972998" Value="7416"/>
            <Line Type="bytes" Address="0x0197299a" Value="48394a20"/>
            <Line Type="bytes" Address="0x0197299e" Value="4889c1"/>
            <Line Type="bytes" Address="0x019729a1" Value="7f03"/>
            <Line Type="bytes" Address="0x019729a3" Value="4889d1"/>
            <Line Type="bytes" Address="0x019729a6" Value="4839c1"/>
            <Line Type="bytes" Address="0x019729a9" Value="7405"/>
            <Line Type="bytes" Address="0x019729ab" Value="e979094700"/>
            <Line Type="bytes" Address="0x019729b0" Value="90"/>
            <Line Type="bytes" Address="0x019729b1" Value="90"/>
            <Line Type="bytes" Address="0x019729b2" Value="90"/>
            <Line Type="bytes" Address="0x019729b3" Value="31f6"/>
            <Line Type="bytes" Address="0x019729b5" Value="e8f63ad9ff"/>
            <Line Type="bytes" Address="0x019729ba" Value="e972094700"/>
            <Line Type="bytes" Address="0x01de3328" Value="c3"/>
            <Line Type="bytes" Address="0x01de3329" Value="c6413001"/>
            <Line Type="bytes" Address="0x01de332d" Value="488b4128"/>
            <Line Type="bytes" Address="0x01de3331" Value="90"/>
            <Line Type="bytes" Address="0x01de3332" Value="90"/>
            <Line Type="bytes" Address="0x01de3333" Value="90"/>
            <Line Type="bytes" Address="0x01de3334" Value="90"/>
            <Line Type="bytes" Address="0x01de3335" Value="90"/>
            <Line Type="bytes" Address="0x01de3336" Value="90"/>
            <Line Type="bytes" Address="0x01de3337" Value="50"/>
            <Line Type="bytes" Address="0x01de3338" Value="be08000000"/>
            <Line Type="bytes" Address="0x01de333d" Value="4889c7"/>
            <Line Type="bytes" Address="0x01de3340" Value="e81be95aff"/>
            <Line Type="bytes" Address="0x01de3345" Value="84c0"/>
            <Line Type="bytes" Address="0x01de3347" Value="0f84ff000000"/>
            <Line Type="bytes" Address="0x01de334d" Value="4180bc24c400000001"/>
            <Line Type="bytes" Address="0x01de3356" Value="7416"/>
            <Line Type="bytes" Address="0x01de3358" Value="41c68424c400000001"/>
            <Line Type="bytes" Address="0x01de3361" Value="41c6855001000001"/>
            <Line Type="bytes" Address="0x01de3369" Value="e929000000"/>
            <Line Type="bytes" Address="0x01de336e" Value="4180bd5001000000"/>
            <Line Type="bytes" Address="0x01de3376" Value="7413"/>
            <Line Type="bytes" Address="0x01de3378" Value="41c6855001000000"/>
            <Line Type="bytes" Address="0x01de3380" Value="41c68424c800000001"/>
            <Line Type="bytes" Address="0x01de3389" Value="eb0c"/>
            <Line Type="bytes" Address="0x01de338b" Value="49c78424c400000000000000"/>
            <Line Type="bytes" Address="0x01de3397" Value="498b8c24d0000000"/>
            <Line Type="bytes" Address="0x01de339f" Value="41807c244800"/>
            <Line Type="bytes" Address="0x01de33a5" Value="0f844c000000"/>
            <Line Type="bytes" Address="0x01de33ab" Value="c4c17828442450"/>
            <Line Type="bytes" Address="0x01de33b2" Value="c5f8294110"/>
            <Line Type="bytes" Address="0x01de33b7" Value="c4c17828442460"/>
            <Line Type="bytes" Address="0x01de33be" Value="c5f8294120"/>
            <Line Type="bytes" Address="0x01de33c3" Value="c4c17828442470"/>
            <Line Type="bytes" Address="0x01de33ca" Value="c5f8294130"/>
            <Line Type="bytes" Address="0x01de33cf" Value="c4c17828842480000000"/>
            <Line Type="bytes" Address="0x01de33d9" Value="c5f8294140"/>
            <Line Type="bytes" Address="0x01de33de" Value="498b8c24d0000000"/>
            <Line Type="bytes" Address="0x01de33e6" Value="c4c17a1044244c"/>
            <Line Type="bytes" Address="0x01de33ed" Value="c5fa114150"/>
            <Line Type="bytes" Address="0x01de33f2" Value="e955000000"/>
            <Line Type="bytes" Address="0x01de33f7" Value="498b542410"/>
            <Line Type="bytes" Address="0x01de33fc" Value="c5fa104250"/>
            <Line Type="bytes" Address="0x01de3401" Value="c5fa114150"/>
            <Line Type="bytes" Address="0x01de3406" Value="c5fa104254"/>
            <Line Type="bytes" Address="0x01de340b" Value="c5fa114154"/>
            <Line Type="bytes" Address="0x01de3410" Value="c5fa104258"/>
            <Line Type="bytes" Address="0x01de3415" Value="c5fa114158"/>
            <Line Type="bytes" Address="0x01de341a" Value="c5fa10425c"/>
            <Line Type="bytes" Address="0x01de341f" Value="c5fa11415c"/>
            <Line Type="bytes" Address="0x01de3424" Value="c5f8284210"/>
            <Line Type="bytes" Address="0x01de3429" Value="c5f8284a20"/>
            <Line Type="bytes" Address="0x01de342e" Value="c5f8285230"/>
            <Line Type="bytes" Address="0x01de3433" Value="c5f8285a40"/>
            <Line Type="bytes" Address="0x01de3438" Value="c5f8294110"/>
            <Line Type="bytes" Address="0x01de343d" Value="c5f8294920"/>
            <Line Type="bytes" Address="0x01de3442" Value="c5f8295130"/>
            <Line Type="bytes" Address="0x01de3447" Value="c5f8295940"/>
            <Line Type="bytes" Address="0x01de344c" Value="4180bc24c400000001"/>
            <Line Type="bytes" Address="0x01de3455" Value="7513"/>
            <Line Type="bytes" Address="0x01de3457" Value="4180bc24c800000000"/>
            <Line Type="bytes" Address="0x01de3460" Value="7508"/>
            <Line Type="bytes" Address="0x01de3462" Value="41c6855001000001"/>
            <Line Type="bytes" Address="0x01de346a" Value="58"/>
            <Line Type="bytes" Address="0x01de346b" Value="be41000000"/>
            <Line Type="bytes" Address="0x01de3470" Value="4889c7"/>
            <Line Type="bytes" Address="0x01de3473" Value="e8e8e75aff"/>
            <Line Type="bytes" Address="0x01de3478" Value="84c0"/>
            <Line Type="bytes" Address="0x01de347a" Value="7408"/>
            <Line Type="bytes" Address="0x01de347c" Value="41c6855001000000"/>
            <Line Type="bytes" Address="0x01de3484" Value="4180bd5001000000"/>
            <Line Type="bytes" Address="0x01de348c" Value="740a"/>
            <Line Type="bytes" Address="0x01de348e" Value="41c6855101000001"/>
            <Line Type="bytes" Address="0x01de3496" Value="eb08"/>
            <Line Type="bytes" Address="0x01de3498" Value="41c6855101000000"/>
            <Line Type="bytes" Address="0x01de34a0" Value="90"/>
            <Line Type="bytes" Address="0x01de34a1" Value="90"/>
            <Line Type="bytes" Address="0x01de34a2" Value="90"/>
            <Line Type="bytes" Address="0x01de34a3" Value="90"/>
            <Line Type="bytes" Address="0x01de34a4" Value="90"/>
            <Line Type="bytes" Address="0x01de34a5" Value="90"/>
            <Line Type="bytes" Address="0x01de34a6" Value="90"/>
            <Line Type="bytes" Address="0x01de34a7" Value="90"/>
            <Line Type="bytes" Address="0x01de34a8" Value="90"/>
            <Line Type="bytes" Address="0x01de34a9" Value="90"/>
            <Line Type="bytes" Address="0x01de34aa" Value="90"/>
            <Line Type="bytes" Address="0x01de34ab" Value="90"/>
            <Line Type="bytes" Address="0x01de34ac" Value="90"/>
            <Line Type="bytes" Address="0x01de34ad" Value="90"/>
            <Line Type="bytes" Address="0x01de34ae" Value="90"/>
            <Line Type="bytes" Address="0x01de34af" Value="90"/>
            <Line Type="bytes" Address="0x01de34b0" Value="90"/>
            <Line Type="bytes" Address="0x01de34b1" Value="90"/>
            <Line Type="bytes" Address="0x01de34b2" Value="90"/>
            <Line Type="bytes" Address="0x01de34b3" Value="90"/>
            <Line Type="bytes" Address="0x01de34b4" Value="90"/>
            <Line Type="bytes" Address="0x01de34b5" Value="90"/>
            <Line Type="bytes" Address="0x01de34b6" Value="90"/>
            <Line Type="bytes" Address="0x01de34b7" Value="90"/>
            <Line Type="bytes" Address="0x01de34b8" Value="90"/>
            <Line Type="bytes" Address="0x01de34b9" Value="90"/>
            <Line Type="bytes" Address="0x01de34ba" Value="90"/>
            <Line Type="bytes" Address="0x01de34bb" Value="90"/>
            <Line Type="bytes" Address="0x01de34bc" Value="90"/>
            <Line Type="bytes" Address="0x01de34bd" Value="90"/>
            <Line Type="bytes" Address="0x01de34be" Value="90"/>
            <Line Type="bytes" Address="0x01de34bf" Value="90"/>
            <Line Type="bytes" Address="0x01de34c0" Value="90"/>
            <Line Type="bytes" Address="0x01de34c1" Value="90"/>
            <Line Type="bytes" Address="0x01de34c2" Value="90"/>
            <Line Type="bytes" Address="0x01de34c3" Value="90"/>
            <Line Type="bytes" Address="0x01de34c4" Value="90"/>
            <Line Type="bytes" Address="0x01de34c5" Value="90"/>
            <Line Type="bytes" Address="0x01de34c6" Value="90"/>
            <Line Type="bytes" Address="0x01de34c7" Value="90"/>
            <Line Type="bytes" Address="0x01de34c8" Value="90"/>
            <Line Type="bytes" Address="0x01de34c9" Value="90"/>
            <Line Type="bytes" Address="0x01de34ca" Value="90"/>
            <Line Type="bytes" Address="0x01de34cb" Value="90"/>
            <Line Type="bytes" Address="0x01de34cc" Value="90"/>
            <Line Type="bytes" Address="0x01de34cd" Value="90"/>
            <Line Type="bytes" Address="0x01de34ce" Value="90"/>
            <Line Type="bytes" Address="0x01de34cf" Value="90"/>
            <Line Type="bytes" Address="0x01de34d0" Value="90"/>
            <Line Type="bytes" Address="0x01de34d1" Value="90"/>
            <Line Type="bytes" Address="0x01de34d2" Value="90"/>
            <Line Type="bytes" Address="0x01de34d3" Value="90"/>
            <Line Type="bytes" Address="0x01de34d4" Value="90"/>
            <Line Type="bytes" Address="0x01de34d5" Value="90"/>
            <Line Type="bytes" Address="0x01de34d6" Value="90"/>
            <Line Type="bytes" Address="0x01de34d7" Value="90"/>
            <Line Type="bytes" Address="0x01de34d8" Value="90"/>
            <Line Type="bytes" Address="0x01de34d9" Value="90"/>
            <Line Type="bytes" Address="0x01de34da" Value="90"/>
            <Line Type="bytes" Address="0x01de34db" Value="90"/>
            <Line Type="bytes" Address="0x01de34dc" Value="90"/>
            <Line Type="bytes" Address="0x01de34dd" Value="90"/>
            <Line Type="bytes" Address="0x01de34de" Value="90"/>
            <Line Type="bytes" Address="0x01de34df" Value="90"/>
            <Line Type="bytes" Address="0x01de34e0" Value="90"/>
            <Line Type="bytes" Address="0x01de34e1" Value="90"/>
            <Line Type="bytes" Address="0x01de34e2" Value="90"/>
            <Line Type="bytes" Address="0x01de34e3" Value="90"/>
            <Line Type="bytes" Address="0x01de34e4" Value="90"/>
            <Line Type="bytes" Address="0x01de34e5" Value="90"/>
            <Line Type="bytes" Address="0x01de34e6" Value="90"/>
            <Line Type="bytes" Address="0x01de34e7" Value="90"/>
            <Line Type="bytes" Address="0x01de34e8" Value="90"/>
            <Line Type="bytes" Address="0x01de34e9" Value="90"/>
            <Line Type="bytes" Address="0x01de34ea" Value="90"/>
            <Line Type="bytes" Address="0x01de34eb" Value="90"/>
            <Line Type="bytes" Address="0x01de34ec" Value="90"/>
            <Line Type="bytes" Address="0x01de34ed" Value="90"/>
            <Line Type="bytes" Address="0x01de34ee" Value="90"/>
            <Line Type="bytes" Address="0x01de34ef" Value="90"/>
            <Line Type="bytes" Address="0x01de34f0" Value="90"/>
            <Line Type="bytes" Address="0x01de34f1" Value="90"/>
            <Line Type="bytes" Address="0x01de34f2" Value="90"/>
            <Line Type="bytes" Address="0x01de34f3" Value="90"/>
            <Line Type="bytes" Address="0x01de34f4" Value="90"/>
            <Line Type="bytes" Address="0x01de34f5" Value="90"/>
            <Line Type="bytes" Address="0x01de34f6" Value="90"/>
            <Line Type="bytes" Address="0x01de34f7" Value="90"/>
            <Line Type="bytes" Address="0x01de34f8" Value="90"/>
            <Line Type="bytes" Address="0x01de34f9" Value="90"/>
            <Line Type="bytes" Address="0x01de34fa" Value="90"/>
            <Line Type="bytes" Address="0x01de34fb" Value="90"/>
            <Line Type="bytes" Address="0x01de34fc" Value="90"/>
            <Line Type="bytes" Address="0x01de34fd" Value="90"/>
            <Line Type="bytes" Address="0x01de34fe" Value="90"/>
            <Line Type="bytes" Address="0x01de34ff" Value="90"/>
            <Line Type="bytes" Address="0x01de3500" Value="90"/>
            <Line Type="bytes" Address="0x01de3501" Value="90"/>
            <Line Type="bytes" Address="0x01de3502" Value="90"/>
            <Line Type="bytes" Address="0x01de3503" Value="90"/>
            <Line Type="bytes" Address="0x01de3504" Value="90"/>
            <Line Type="bytes" Address="0x01de3505" Value="90"/>
            <Line Type="bytes" Address="0x01de3506" Value="90"/>
            <Line Type="bytes" Address="0x01de3507" Value="90"/>
            <Line Type="bytes" Address="0x01de3508" Value="90"/>
            <Line Type="bytes" Address="0x01de3509" Value="90"/>
            <Line Type="bytes" Address="0x01de350a" Value="90"/>
            <Line Type="bytes" Address="0x01de350b" Value="90"/>
            <Line Type="bytes" Address="0x01de350c" Value="90"/>
            <Line Type="bytes" Address="0x01de350d" Value="90"/>
            <Line Type="bytes" Address="0x01de350e" Value="90"/>
            <Line Type="bytes" Address="0x01de350f" Value="90"/>
            <Line Type="bytes" Address="0x01de3510" Value="90"/>
            <Line Type="bytes" Address="0x01de3511" Value="90"/>
            <Line Type="bytes" Address="0x01de3512" Value="90"/>
            <Line Type="bytes" Address="0x01de3513" Value="90"/>
            <Line Type="bytes" Address="0x01de3514" Value="90"/>
            <Line Type="bytes" Address="0x01de3515" Value="90"/>
            <Line Type="bytes" Address="0x01de3516" Value="90"/>
            <Line Type="bytes" Address="0x01de3517" Value="90"/>
            <Line Type="bytes" Address="0x01de3518" Value="90"/>
            <Line Type="bytes" Address="0x01de3519" Value="90"/>
            <Line Type="bytes" Address="0x01de351a" Value="90"/>
            <Line Type="bytes" Address="0x01de351b" Value="90"/>
            <Line Type="bytes" Address="0x01de351c" Value="90"/>
            <Line Type="bytes" Address="0x01de351d" Value="90"/>
            <Line Type="bytes" Address="0x01de351e" Value="90"/>
            <Line Type="bytes" Address="0x01de351f" Value="90"/>
            <Line Type="bytes" Address="0x01de3520" Value="90"/>
            <Line Type="bytes" Address="0x01de3521" Value="90"/>
            <Line Type="bytes" Address="0x01de3522" Value="90"/>
            <Line Type="bytes" Address="0x01de3523" Value="90"/>
            <Line Type="bytes" Address="0x01de3524" Value="90"/>
            <Line Type="bytes" Address="0x01de3525" Value="90"/>
            <Line Type="bytes" Address="0x01de3526" Value="90"/>
            <Line Type="bytes" Address="0x01de3527" Value="90"/>
            <Line Type="bytes" Address="0x01de3528" Value="90"/>
            <Line Type="bytes" Address="0x01de3529" Value="90"/>
            <Line Type="bytes" Address="0x01de352a" Value="90"/>
            <Line Type="bytes" Address="0x01de352b" Value="90"/>
            <Line Type="bytes" Address="0x01de352c" Value="90"/>
            <Line Type="bytes" Address="0x01de352d" Value="90"/>
            <Line Type="bytes" Address="0x01de352e" Value="90"/>
            <Line Type="bytes" Address="0x01de352f" Value="90"/>
            <Line Type="bytes" Address="0x01de3530" Value="90"/>
            <Line Type="bytes" Address="0x01de3531" Value="90"/>
            <Line Type="bytes" Address="0x01de3532" Value="90"/>
            <Line Type="bytes" Address="0x01de3533" Value="90"/>
            <Line Type="bytes" Address="0x01de3534" Value="90"/>
            <Line Type="bytes" Address="0x01de3535" Value="90"/>
            <Line Type="bytes" Address="0x01de3536" Value="90"/>
            <Line Type="bytes" Address="0x01de3537" Value="90"/>
            <Line Type="bytes" Address="0x01de3538" Value="90"/>
            <Line Type="bytes" Address="0x01de3539" Value="90"/>
            <Line Type="bytes" Address="0x01de353a" Value="90"/>
            <Line Type="bytes" Address="0x01de353b" Value="90"/>
            <Line Type="bytes" Address="0x01de353c" Value="90"/>
            <Line Type="bytes" Address="0x01de353d" Value="90"/>
            <Line Type="bytes" Address="0x01de353e" Value="90"/>
            <Line Type="bytes" Address="0x01de353f" Value="90"/>
            <Line Type="bytes" Address="0x01de3540" Value="90"/>
            <Line Type="bytes" Address="0x01de3541" Value="90"/>
            <Line Type="bytes" Address="0x01de3542" Value="90"/>
            <Line Type="bytes" Address="0x01de3543" Value="90"/>
            <Line Type="bytes" Address="0x01de3544" Value="90"/>
            <Line Type="bytes" Address="0x01de3545" Value="90"/>
            <Line Type="bytes" Address="0x01de3546" Value="90"/>
            <Line Type="bytes" Address="0x01de3547" Value="90"/>
            <Line Type="bytes" Address="0x01de3548" Value="90"/>
            <Line Type="bytes" Address="0x01de3549" Value="90"/>
            <Line Type="bytes" Address="0x01de354a" Value="90"/>
            <Line Type="bytes" Address="0x01de354b" Value="90"/>
            <Line Type="bytes" Address="0x01de354c" Value="90"/>
            <Line Type="bytes" Address="0x01de354d" Value="90"/>
            <Line Type="bytes" Address="0x01de354e" Value="90"/>
            <Line Type="bytes" Address="0x01de354f" Value="90"/>
            <Line Type="bytes" Address="0x01de3550" Value="90"/>
            <Line Type="bytes" Address="0x01de3551" Value="90"/>
            <Line Type="bytes" Address="0x01de3552" Value="90"/>
            <Line Type="bytes" Address="0x01de3553" Value="90"/>
            <Line Type="bytes" Address="0x01de3554" Value="90"/>
            <Line Type="bytes" Address="0x01de3555" Value="90"/>
            <Line Type="bytes" Address="0x01de3556" Value="90"/>
            <Line Type="bytes" Address="0x01de3557" Value="90"/>
            <Line Type="bytes" Address="0x01de3558" Value="90"/>
            <Line Type="bytes" Address="0x01de3559" Value="90"/>
            <Line Type="bytes" Address="0x01de355a" Value="90"/>
            <Line Type="bytes" Address="0x01de355b" Value="90"/>
            <Line Type="bytes" Address="0x01de355c" Value="90"/>
            <Line Type="bytes" Address="0x01de355d" Value="90"/>
            <Line Type="bytes" Address="0x01de355e" Value="90"/>
            <Line Type="bytes" Address="0x01de355f" Value="90"/>
            <Line Type="bytes" Address="0x01de3560" Value="90"/>
            <Line Type="bytes" Address="0x01de3561" Value="90"/>
            <Line Type="bytes" Address="0x01de3562" Value="90"/>
            <Line Type="bytes" Address="0x01de3563" Value="90"/>
            <Line Type="bytes" Address="0x01de3564" Value="90"/>
            <Line Type="bytes" Address="0x01de3565" Value="90"/>
            <Line Type="bytes" Address="0x01de3566" Value="90"/>
            <Line Type="bytes" Address="0x01de3567" Value="90"/>
            <Line Type="bytes" Address="0x01de3568" Value="90"/>
            <Line Type="bytes" Address="0x01de3569" Value="90"/>
            <Line Type="bytes" Address="0x01de356a" Value="90"/>
            <Line Type="bytes" Address="0x01de356b" Value="90"/>
            <Line Type="bytes" Address="0x01de356c" Value="90"/>
            <Line Type="bytes" Address="0x01de356d" Value="90"/>
            <Line Type="bytes" Address="0x01de356e" Value="90"/>
            <Line Type="bytes" Address="0x01de356f" Value="90"/>
            <Line Type="bytes" Address="0x01de3570" Value="90"/>
            <Line Type="bytes" Address="0x01de3571" Value="90"/>
            <Line Type="bytes" Address="0x01de3572" Value="90"/>
            <Line Type="bytes" Address="0x01de3573" Value="90"/>
            <Line Type="bytes" Address="0x01de3574" Value="90"/>
            <Line Type="bytes" Address="0x01de3575" Value="90"/>
            <Line Type="bytes" Address="0x01de3576" Value="90"/>
            <Line Type="bytes" Address="0x01de3577" Value="90"/>
            <Line Type="bytes" Address="0x01de3578" Value="90"/>
            <Line Type="bytes" Address="0x01de3579" Value="90"/>
            <Line Type="bytes" Address="0x01de357a" Value="90"/>
            <Line Type="bytes" Address="0x01de357b" Value="90"/>
            <Line Type="bytes" Address="0x01de357c" Value="90"/>
            <Line Type="bytes" Address="0x01de357d" Value="90"/>
            <Line Type="bytes" Address="0x01de357e" Value="90"/>
            <Line Type="bytes" Address="0x01de357f" Value="90"/>
            <Line Type="bytes" Address="0x01de3580" Value="90"/>
            <Line Type="bytes" Address="0x01de3581" Value="90"/>
            <Line Type="bytes" Address="0x01de3582" Value="90"/>
            <Line Type="bytes" Address="0x01de3583" Value="90"/>
            <Line Type="bytes" Address="0x01de3584" Value="90"/>
            <Line Type="bytes" Address="0x01de3585" Value="90"/>
            <Line Type="bytes" Address="0x01de3586" Value="90"/>
            <Line Type="bytes" Address="0x01de3587" Value="90"/>
            <Line Type="bytes" Address="0x01de3588" Value="90"/>
            <Line Type="bytes" Address="0x01de3589" Value="90"/>
            <Line Type="bytes" Address="0x01de358a" Value="90"/>
            <Line Type="bytes" Address="0x01de358b" Value="90"/>
            <Line Type="bytes" Address="0x01de358c" Value="90"/>
            <Line Type="bytes" Address="0x01de358d" Value="90"/>
            <Line Type="bytes" Address="0x01de358e" Value="90"/>
            <Line Type="bytes" Address="0x01de358f" Value="90"/>
            <Line Type="bytes" Address="0x01de3590" Value="90"/>
            <Line Type="bytes" Address="0x01de3591" Value="90"/>
            <Line Type="bytes" Address="0x01de3592" Value="90"/>
            <Line Type="bytes" Address="0x01de3593" Value="90"/>
            <Line Type="bytes" Address="0x01de3594" Value="90"/>
            <Line Type="bytes" Address="0x01de3595" Value="90"/>
            <Line Type="bytes" Address="0x01de3596" Value="90"/>
            <Line Type="bytes" Address="0x01de3597" Value="90"/>
            <Line Type="bytes" Address="0x01de3598" Value="90"/>
            <Line Type="bytes" Address="0x01de3599" Value="90"/>
            <Line Type="bytes" Address="0x01de359a" Value="90"/>
            <Line Type="bytes" Address="0x01de359b" Value="90"/>
            <Line Type="bytes" Address="0x01de359c" Value="90"/>
            <Line Type="bytes" Address="0x01de359d" Value="90"/>
            <Line Type="bytes" Address="0x01de359e" Value="90"/>
            <Line Type="bytes" Address="0x01de359f" Value="90"/>
            <Line Type="bytes" Address="0x01de35a0" Value="90"/>
            <Line Type="bytes" Address="0x01de35a1" Value="90"/>
            <Line Type="bytes" Address="0x01de35a2" Value="90"/>
            <Line Type="bytes" Address="0x01de35a3" Value="90"/>
            <Line Type="bytes" Address="0x01de35a4" Value="90"/>
            <Line Type="bytes" Address="0x01de35a5" Value="90"/>
            <Line Type="bytes" Address="0x01de35a6" Value="90"/>
            <Line Type="bytes" Address="0x01de35a7" Value="90"/>
            <Line Type="bytes" Address="0x01de35a8" Value="90"/>
            <Line Type="bytes" Address="0x01de35a9" Value="90"/>
            <Line Type="bytes" Address="0x01de35aa" Value="90"/>
            <Line Type="bytes" Address="0x01de35ab" Value="90"/>
            <Line Type="bytes" Address="0x01de35ac" Value="90"/>
            <Line Type="bytes" Address="0x01de35ad" Value="90"/>
            <Line Type="bytes" Address="0x01de35ae" Value="90"/>
            <Line Type="bytes" Address="0x01de35af" Value="90"/>
            <Line Type="bytes" Address="0x01de35b0" Value="90"/>
            <Line Type="bytes" Address="0x01de35b1" Value="90"/>
            <Line Type="bytes" Address="0x01de35b2" Value="90"/>
            <Line Type="bytes" Address="0x01de35b3" Value="90"/>
            <Line Type="bytes" Address="0x01de35b4" Value="90"/>
            <Line Type="bytes" Address="0x01de35b5" Value="90"/>
            <Line Type="bytes" Address="0x01de35b6" Value="90"/>
            <Line Type="bytes" Address="0x01de35b7" Value="90"/>
            <Line Type="bytes" Address="0x01de35b8" Value="90"/>
            <Line Type="bytes" Address="0x01de35b9" Value="90"/>
            <Line Type="bytes" Address="0x01de35ba" Value="90"/>
            <Line Type="bytes" Address="0x01de35bb" Value="90"/>
            <Line Type="bytes" Address="0x01de35bc" Value="90"/>
            <Line Type="bytes" Address="0x01de35bd" Value="90"/>
            <Line Type="bytes" Address="0x01de35be" Value="90"/>
            <Line Type="bytes" Address="0x01de35bf" Value="90"/>
            <Line Type="bytes" Address="0x01de35c0" Value="90"/>
            <Line Type="bytes" Address="0x01de35c1" Value="90"/>
            <Line Type="bytes" Address="0x01de35c2" Value="90"/>
            <Line Type="bytes" Address="0x01de35c3" Value="90"/>
            <Line Type="bytes" Address="0x01de35c4" Value="90"/>
            <Line Type="bytes" Address="0x01de35c5" Value="90"/>
            <Line Type="bytes" Address="0x01de35c6" Value="90"/>
            <Line Type="bytes" Address="0x01de35c7" Value="90"/>
            <Line Type="bytes" Address="0x01de35c8" Value="90"/>
            <Line Type="bytes" Address="0x01de35c9" Value="90"/>
            <Line Type="bytes" Address="0x01de35ca" Value="90"/>
            <Line Type="bytes" Address="0x01de35cb" Value="90"/>
            <Line Type="bytes" Address="0x01de35cc" Value="90"/>
            <Line Type="bytes" Address="0x01de35cd" Value="90"/>
            <Line Type="bytes" Address="0x01de35ce" Value="90"/>
            <Line Type="bytes" Address="0x01de35cf" Value="90"/>
            <Line Type="bytes" Address="0x01de35d0" Value="90"/>
            <Line Type="bytes" Address="0x01de35d1" Value="90"/>
            <Line Type="bytes" Address="0x01de35d2" Value="90"/>
            <Line Type="bytes" Address="0x01de35d3" Value="90"/>
            <Line Type="bytes" Address="0x01de35d4" Value="90"/>
            <Line Type="bytes" Address="0x01de35d5" Value="90"/>
            <Line Type="bytes" Address="0x01de35d6" Value="90"/>
            <Line Type="bytes" Address="0x01de35d7" Value="90"/>
            <Line Type="bytes" Address="0x01de35d8" Value="90"/>
            <Line Type="bytes" Address="0x01de35d9" Value="90"/>
            <Line Type="bytes" Address="0x01de35da" Value="90"/>
            <Line Type="bytes" Address="0x01de35db" Value="90"/>
            <Line Type="bytes" Address="0x01de35dc" Value="90"/>
            <Line Type="bytes" Address="0x01de35dd" Value="90"/>
            <Line Type="bytes" Address="0x01de35de" Value="90"/>
            <Line Type="bytes" Address="0x01de35df" Value="90"/>
            <Line Type="bytes" Address="0x01de35e0" Value="90"/>
            <Line Type="bytes" Address="0x01de35e1" Value="90"/>
            <Line Type="bytes" Address="0x01de35e2" Value="90"/>
            <Line Type="bytes" Address="0x01de35e3" Value="90"/>
            <Line Type="bytes" Address="0x01de35e4" Value="90"/>
            <Line Type="bytes" Address="0x01de35e5" Value="90"/>
            <Line Type="bytes" Address="0x01de35e6" Value="90"/>
            <Line Type="bytes" Address="0x01de35e7" Value="90"/>
            <Line Type="bytes" Address="0x01de35e8" Value="90"/>
            <Line Type="bytes" Address="0x01de35e9" Value="90"/>
            <Line Type="bytes" Address="0x01de35ea" Value="90"/>
            <Line Type="bytes" Address="0x01de35eb" Value="90"/>
            <Line Type="bytes" Address="0x01de35ec" Value="90"/>
            <Line Type="bytes" Address="0x01de35ed" Value="90"/>
            <Line Type="bytes" Address="0x01de35ee" Value="90"/>
            <Line Type="bytes" Address="0x01de35ef" Value="90"/>
            <Line Type="bytes" Address="0x01de35f0" Value="90"/>
            <Line Type="bytes" Address="0x01de35f1" Value="90"/>
            <Line Type="bytes" Address="0x01de35f2" Value="90"/>
            <Line Type="bytes" Address="0x01de35f3" Value="90"/>
            <Line Type="bytes" Address="0x01de35f4" Value="90"/>
            <Line Type="bytes" Address="0x01de35f5" Value="90"/>
            <Line Type="bytes" Address="0x01de35f6" Value="90"/>
            <Line Type="bytes" Address="0x01de35f7" Value="90"/>
            <Line Type="bytes" Address="0x01de35f8" Value="90"/>
            <Line Type="bytes" Address="0x01de35f9" Value="90"/>
            <Line Type="bytes" Address="0x01de35fa" Value="90"/>
            <Line Type="bytes" Address="0x01de35fb" Value="90"/>
            <Line Type="bytes" Address="0x01de35fc" Value="90"/>
            <Line Type="bytes" Address="0x01de35fd" Value="90"/>
            <Line Type="bytes" Address="0x01de35fe" Value="90"/>
            <Line Type="bytes" Address="0x01de35ff" Value="90"/>
            <Line Type="bytes" Address="0x01de3600" Value="90"/>
            <Line Type="bytes" Address="0x01de3601" Value="90"/>
            <Line Type="bytes" Address="0x01de3602" Value="90"/>
            <Line Type="bytes" Address="0x01de3603" Value="90"/>
            <Line Type="bytes" Address="0x01de3604" Value="90"/>
            <Line Type="bytes" Address="0x01de3605" Value="90"/>
            <Line Type="bytes" Address="0x01de3606" Value="90"/>
            <Line Type="bytes" Address="0x01de3607" Value="90"/>
            <Line Type="bytes" Address="0x01de3608" Value="90"/>
            <Line Type="bytes" Address="0x01de3609" Value="90"/>
            <Line Type="bytes" Address="0x01de360a" Value="90"/>
            <Line Type="bytes" Address="0x01de360b" Value="90"/>
            <Line Type="bytes" Address="0x01de360c" Value="90"/>
            <Line Type="bytes" Address="0x01de360d" Value="90"/>
            <Line Type="bytes" Address="0x01de360e" Value="90"/>
            <Line Type="bytes" Address="0x01de360f" Value="90"/>
            <Line Type="bytes" Address="0x01de3610" Value="90"/>
            <Line Type="bytes" Address="0x01de3611" Value="90"/>
            <Line Type="bytes" Address="0x01de3612" Value="90"/>
            <Line Type="bytes" Address="0x01de3613" Value="90"/>
            <Line Type="bytes" Address="0x01de3614" Value="90"/>
            <Line Type="bytes" Address="0x01de3615" Value="90"/>
            <Line Type="bytes" Address="0x01de3616" Value="90"/>
            <Line Type="bytes" Address="0x01de3617" Value="90"/>
            <Line Type="bytes" Address="0x01de3618" Value="90"/>
            <Line Type="bytes" Address="0x01de3619" Value="90"/>
            <Line Type="bytes" Address="0x01de361a" Value="90"/>
            <Line Type="bytes" Address="0x01de361b" Value="90"/>
            <Line Type="bytes" Address="0x01de361c" Value="90"/>
            <Line Type="bytes" Address="0x01de361d" Value="90"/>
            <Line Type="bytes" Address="0x01de361e" Value="90"/>
            <Line Type="bytes" Address="0x01de361f" Value="90"/>
            <Line Type="bytes" Address="0x01de3620" Value="90"/>
            <Line Type="bytes" Address="0x01de3621" Value="90"/>
            <Line Type="bytes" Address="0x01de3622" Value="90"/>
            <Line Type="bytes" Address="0x01de3623" Value="90"/>
            <Line Type="bytes" Address="0x01de3624" Value="90"/>
            <Line Type="bytes" Address="0x01de3625" Value="90"/>
            <Line Type="bytes" Address="0x01de3626" Value="90"/>
            <Line Type="bytes" Address="0x01de3627" Value="90"/>
            <Line Type="bytes" Address="0x01de3628" Value="90"/>
            <Line Type="bytes" Address="0x01de3629" Value="90"/>
            <Line Type="bytes" Address="0x01de362a" Value="90"/>
            <Line Type="bytes" Address="0x01de362b" Value="90"/>
            <Line Type="bytes" Address="0x01de362c" Value="90"/>
            <Line Type="bytes" Address="0x01de362d" Value="90"/>
            <Line Type="bytes" Address="0x01de362e" Value="90"/>
            <Line Type="bytes" Address="0x01de362f" Value="90"/>
            <Line Type="bytes" Address="0x01de3630" Value="90"/>
            <Line Type="bytes" Address="0x01de3631" Value="90"/>
            <Line Type="bytes" Address="0x01de3632" Value="90"/>
            <Line Type="bytes" Address="0x01de3633" Value="90"/>
            <Line Type="bytes" Address="0x01de3634" Value="90"/>
            <Line Type="bytes" Address="0x01de3635" Value="90"/>
            <Line Type="bytes" Address="0x01de3636" Value="90"/>
            <Line Type="bytes" Address="0x01de3637" Value="90"/>
            <Line Type="bytes" Address="0x01de3638" Value="90"/>
            <Line Type="bytes" Address="0x01de3639" Value="90"/>
            <Line Type="bytes" Address="0x01de363a" Value="90"/>
            <Line Type="bytes" Address="0x01de363b" Value="90"/>
            <Line Type="bytes" Address="0x01de363c" Value="90"/>
            <Line Type="bytes" Address="0x01de363d" Value="90"/>
            <Line Type="bytes" Address="0x01de363e" Value="90"/>
            <Line Type="bytes" Address="0x01de363f" Value="90"/>
            <Line Type="bytes" Address="0x01de3640" Value="90"/>
            <Line Type="bytes" Address="0x01de3641" Value="90"/>
            <Line Type="bytes" Address="0x01de3642" Value="90"/>
            <Line Type="bytes" Address="0x01de3643" Value="90"/>
            <Line Type="bytes" Address="0x01de3644" Value="90"/>
            <Line Type="bytes" Address="0x01de3645" Value="90"/>
            <Line Type="bytes" Address="0x01de3646" Value="90"/>
            <Line Type="bytes" Address="0x01de3647" Value="90"/>
            <Line Type="bytes" Address="0x01de3648" Value="90"/>
            <Line Type="bytes" Address="0x01de3649" Value="90"/>
            <Line Type="bytes" Address="0x01de364a" Value="90"/>
            <Line Type="bytes" Address="0x01de364b" Value="90"/>
            <Line Type="bytes" Address="0x01de364c" Value="90"/>
            <Line Type="bytes" Address="0x01de364d" Value="90"/>
            <Line Type="bytes" Address="0x01de364e" Value="90"/>
            <Line Type="bytes" Address="0x01de364f" Value="90"/>
            <Line Type="bytes" Address="0x01de3650" Value="90"/>
            <Line Type="bytes" Address="0x01de3651" Value="90"/>
            <Line Type="bytes" Address="0x01de3652" Value="90"/>
            <Line Type="bytes" Address="0x01de3653" Value="90"/>
            <Line Type="bytes" Address="0x01de3654" Value="90"/>
            <Line Type="bytes" Address="0x01de3655" Value="90"/>
            <Line Type="bytes" Address="0x01de3656" Value="90"/>
            <Line Type="bytes" Address="0x01de3657" Value="90"/>
            <Line Type="bytes" Address="0x01de3658" Value="90"/>
            <Line Type="bytes" Address="0x01de3659" Value="90"/>
            <Line Type="bytes" Address="0x01de365a" Value="90"/>
            <Line Type="bytes" Address="0x01de365b" Value="90"/>
            <Line Type="bytes" Address="0x01de365c" Value="90"/>
            <Line Type="bytes" Address="0x01de365d" Value="90"/>
            <Line Type="bytes" Address="0x01de365e" Value="90"/>
            <Line Type="bytes" Address="0x01de365f" Value="90"/>
            <Line Type="bytes" Address="0x01de3660" Value="90"/>
            <Line Type="bytes" Address="0x01de3661" Value="90"/>
            <Line Type="bytes" Address="0x01de3662" Value="90"/>
            <Line Type="bytes" Address="0x01de3663" Value="90"/>
            <Line Type="bytes" Address="0x01de3664" Value="90"/>
            <Line Type="bytes" Address="0x01de3665" Value="90"/>
            <Line Type="bytes" Address="0x01de3666" Value="90"/>
            <Line Type="bytes" Address="0x01de3667" Value="90"/>
            <Line Type="bytes" Address="0x01de3668" Value="90"/>
            <Line Type="bytes" Address="0x01de3669" Value="90"/>
            <Line Type="bytes" Address="0x01de366a" Value="90"/>
            <Line Type="bytes" Address="0x01de366b" Value="90"/>
            <Line Type="bytes" Address="0x01de366c" Value="90"/>
            <Line Type="bytes" Address="0x01de366d" Value="90"/>
            <Line Type="bytes" Address="0x01de366e" Value="90"/>
            <Line Type="bytes" Address="0x01de366f" Value="90"/>
            <Line Type="bytes" Address="0x01de3670" Value="90"/>
            <Line Type="bytes" Address="0x01de3671" Value="90"/>
            <Line Type="bytes" Address="0x01de3672" Value="90"/>
            <Line Type="bytes" Address="0x01de3673" Value="90"/>
            <Line Type="bytes" Address="0x01de3674" Value="90"/>
            <Line Type="bytes" Address="0x01de3675" Value="90"/>
            <Line Type="bytes" Address="0x01de3676" Value="90"/>
            <Line Type="bytes" Address="0x01de3677" Value="90"/>
            <Line Type="bytes" Address="0x01de3678" Value="90"/>
            <Line Type="bytes" Address="0x01de3679" Value="90"/>
            <Line Type="bytes" Address="0x01de367a" Value="90"/>
            <Line Type="bytes" Address="0x01de367b" Value="90"/>
            <Line Type="bytes" Address="0x01de367c" Value="90"/>
            <Line Type="bytes" Address="0x01de367d" Value="4183bc24c400000001"/>
            <Line Type="bytes" Address="0x01de3686" Value="e934f3b8ff"/>
            <Line Type="bytes" Address="0x01de368b" Value="c3"/>
        </PatchList>
    </Metadata>
    <Metadata Title="Bloodborne"
              Name="Disable vsync"
              Author="illusion"
              PatchVer="1.0"
              AppVer="01.09"
              AppElf="eboot.bin">
        <PatchList>
            <Line Type="bytes" Address="0x025b3271" Value="4831f6"/>
            <Line Type="bytes" Address="0x0243487e" Value="41c74424186f12833a"/>
        </PatchList>
    </Metadata>
    <Metadata Title="Bloodborne"
              Name="Draw Color Boarder (FLASHING COLORS WARNING)"
              Author="illusion"
              PatchVer="1.0"
              AppVer="01.09"
              AppElf="eboot.bin">
        <PatchList>
            <!-- Menu not focused -->
            <Line Type="bytes" Address="0x01401136" Value="eb"/>
            <!-- No font drawing -->
            <Line Type="bytes" Address="0x01401168" Value="909090"/>
            <Line Type="bytes" Address="0x01402a90" Value="c3"/>
            <Line Type="bytes" Address="0x0140be00" Value="e98c6cffff"/>
            <!-- Source -->
            <!--
                push rax
                push rsi
                mov qword ptr [rdi+0x28], 0 # (0,0)
                mov dword ptr [rdi+0x30], 0x42000000 (32,xxxx)
                lea rsi, [0x055289f8]
                mov eax, [rsi+0x4]         # vertical res
                vcvtsi2ss xmm0, xmm0, eax
                vmovss dword ptr [rdi+0x34], xmm0
                lea rax, [0x54dc040]
                MOV dword ptr [RDI+0x50], 0x3f800000
                MOV dword ptr [RDI+0x54], 0x3f800000
                MOV dword ptr [RDI+0x58], 0x3f800000
                MOV dword ptr [RDI+0x5c], 0x3f800000
                CMP dword ptr [RAX], 0xf   # above 16 index, reset
                JA color_default
                CMP dword ptr [RAX], 0x0   # check color index
                JZ color_0
                CMP dword ptr [RAX], 0x1
                JZ color_1
                CMP dword ptr [RAX], 0x2
                JZ color_2
                CMP dword ptr [RAX], 0x3
                JZ color_3
                CMP dword ptr [RAX], 0x4
                JZ color_4
                CMP dword ptr [RAX], 0x5
                JZ color_5
                CMP dword ptr [RAX], 0x6
                JZ color_6
                CMP dword ptr [RAX], 0x7
                JZ color_7
                CMP dword ptr [RAX], 0x8
                JZ color_8
                CMP dword ptr [RAX], 0x9
                JZ color_9
                CMP dword ptr [RAX], 0xa
                JZ color_10
                CMP dword ptr [RAX], 0xb
                JZ color_11
                CMP dword ptr [RAX], 0xc
                JZ color_12
                CMP dword ptr [RAX], 0xd
                JZ color_13
                CMP dword ptr [RAX], 0xe
                JZ color_14
                CMP dword ptr [RAX], 0xf
                JZ color_15
                color_default:
                # 255,255,255,255
                MOV dword ptr [RAX], 1                 # next frame, use second index
                JMP draw_bar_only_no_add
            color_0:
                # 255,255,255
                MOV dword ptr [RDI+0x50], 0x3f800000   # Red
                MOV dword ptr [RDI+0x54], 0x3f800000   # Green
                MOV dword ptr [RDI+0x58], 0x3f800000   # Blue
                JMP draw_bar
            color_1:
                # 0, 255, 0
                MOV dword ptr [RDI+0x50], 0x00000000   # Red
                MOV dword ptr [RDI+0x54], 0x3f800000   # Green
                MOV dword ptr [RDI+0x58], 0x00000000   # Blue
                JMP draw_bar
            color_2:
                # 0, 0, 255
                MOV dword ptr [RDI+0x50], 0x00000000   # Red
                MOV dword ptr [RDI+0x54], 0x00000000   # Green
                MOV dword ptr [RDI+0x58], 0x3f800000   # Blue
                JMP draw_bar
            color_3:
                # 255, 0, 0
                MOV dword ptr [RDI+0x50], 0x3f800000   # Red
                MOV dword ptr [RDI+0x54], 0x00000000   # Green
                MOV dword ptr [RDI+0x58], 0x00000000   # Blue
                JMP draw_bar
            color_4:
                # 0, 128, 128
                MOV dword ptr [RDI+0x50], 0x00000000   # Red
                MOV dword ptr [RDI+0x54], 0x3f000000   # Green
                MOV dword ptr [RDI+0x58], 0x3f000000   # Blue
                JMP draw_bar
            color_5:
                # 0, 0, 128
                MOV dword ptr [RDI+0x50], 0x00000000   # Red
                MOV dword ptr [RDI+0x54], 0x00000000   # Green
                MOV dword ptr [RDI+0x58], 0x3f000000   # Blue
                JMP draw_bar
            color_6:
                # 0, 128, 0
                MOV dword ptr [RDI+0x50], 0x00000000   # Red
                MOV dword ptr [RDI+0x54], 0x3f000000   # Green
                MOV dword ptr [RDI+0x58], 0x00000000   # Blue
                JMP draw_bar
            color_7:
                # 0, 255, 255
                MOV dword ptr [RDI+0x50], 0x00000000   # Red
                MOV dword ptr [RDI+0x54], 0x3f800000   # Green
                MOV dword ptr [RDI+0x58], 0x3f800000   # Blue
                JMP draw_bar
            color_8:
                # 128, 0, 0
                MOV dword ptr [RDI+0x50], 0x3f000000   # Red
                MOV dword ptr [RDI+0x54], 0x00000000   # Green
                MOV dword ptr [RDI+0x58], 0x00000000   # Blue
                JMP draw_bar
            color_9:
                # 192, 192, 192
                MOV dword ptr [RDI+0x50], 0x3f400000   # Red
                MOV dword ptr [RDI+0x54], 0x3f400000   # Green
                MOV dword ptr [RDI+0x58], 0x3f400000   # Blue
                JMP draw_bar
            color_10:
                # 128, 0, 128
                MOV dword ptr [RDI+0x50], 0x3f000000   # Red
                MOV dword ptr [RDI+0x54], 0x00000000   # Green
                MOV dword ptr [RDI+0x58], 0x3f000000   # Blue
                JMP draw_bar
            color_11:
                # 128, 128, 0
                MOV dword ptr [RDI+0x50], 0x3f000000   # Red
                MOV dword ptr [RDI+0x54], 0x3f000000   # Green
                MOV dword ptr [RDI+0x58], 0x00000000   # Blue
                JMP draw_bar
            color_12:
                # 128, 128, 128
                MOV dword ptr [RDI+0x50], 0x3f000000   # Red
                MOV dword ptr [RDI+0x54], 0x3f000000   # Green
                MOV dword ptr [RDI+0x58], 0x3f000000   # Blue
                JMP draw_bar
            color_13:
                # 255, 0, 255
                MOV dword ptr [RDI+0x50], 0x3f800000   # Red
                MOV dword ptr [RDI+0x54], 0x00000000   # Green
                MOV dword ptr [RDI+0x58], 0x3f800000   # Blue
                JMP draw_bar
            color_14:
                # 255, 255, 0
                MOV dword ptr [RDI+0x50], 0x3f800000   # Red
                MOV dword ptr [RDI+0x54], 0x3f800000   # Green
                MOV dword ptr [RDI+0x58], 0x00000000   # Blue
                JMP draw_bar
            color_15:
                # 255, 128, 0
                MOV dword ptr [RDI+0x50], 0x3f800000   # Red
                MOV dword ptr [RDI+0x54], 0x3f000000   # Green
                MOV dword ptr [RDI+0x58], 0x00000000   # Blue
                # JMP draw_bar
            draw_bar:
                add dword ptr [rax], 1
            draw_bar_only_no_add:
                pop rsi
                pop rax
                VMOVAPS XMM0,xmmword ptr [RDI + 0x50]
                jmp 0x0140be05
            -->
            <!-- Draw bar -->
            <Line Type="bytes" Address="0x01402a91" Value="50"/>
            <Line Type="bytes" Address="0x01402a92" Value="56"/>
            <Line Type="bytes" Address="0x01402a93" Value="48c7472800000000"/>
            <Line Type="bytes" Address="0x01402a9b" Value="c7473000000042"/>
            <Line Type="bytes" Address="0x01402aa2" Value="488d354f5f1204"/>
            <Line Type="bytes" Address="0x01402aa9" Value="8b4604"/>
            <Line Type="bytes" Address="0x01402aac" Value="c5fa2ac0"/>
            <Line Type="bytes" Address="0x01402ab0" Value="c5fa114734"/>
            <Line Type="bytes" Address="0x01402ab5" Value="488d0584950d04"/>
            <Line Type="bytes" Address="0x01402abc" Value="c747500000803f"/>
            <Line Type="bytes" Address="0x01402ac3" Value="c747540000803f"/>
            <Line Type="bytes" Address="0x01402aca" Value="c747580000803f"/>
            <Line Type="bytes" Address="0x01402ad1" Value="c7475c0000803f"/>
            <Line Type="bytes" Address="0x01402ad8" Value="83380f"/>
            <Line Type="bytes" Address="0x01402adb" Value="0f8790000000"/>
            <Line Type="bytes" Address="0x01402ae1" Value="833800"/>
            <Line Type="bytes" Address="0x01402ae4" Value="0f8492000000"/>
            <Line Type="bytes" Address="0x01402aea" Value="833801"/>
            <Line Type="bytes" Address="0x01402aed" Value="0f84a3000000"/>
            <Line Type="bytes" Address="0x01402af3" Value="833802"/>
            <Line Type="bytes" Address="0x01402af6" Value="0f84b4000000"/>
            <Line Type="bytes" Address="0x01402afc" Value="833803"/>
            <Line Type="bytes" Address="0x01402aff" Value="0f84c5000000"/>
            <Line Type="bytes" Address="0x01402b05" Value="833804"/>
            <Line Type="bytes" Address="0x01402b08" Value="0f84d6000000"/>
            <Line Type="bytes" Address="0x01402b0e" Value="833805"/>
            <Line Type="bytes" Address="0x01402b11" Value="0f84e7000000"/>
            <Line Type="bytes" Address="0x01402b17" Value="833806"/>
            <Line Type="bytes" Address="0x01402b1a" Value="0f84f8000000"/>
            <Line Type="bytes" Address="0x01402b20" Value="833807"/>
            <Line Type="bytes" Address="0x01402b23" Value="0f8409010000"/>
            <Line Type="bytes" Address="0x01402b29" Value="833808"/>
            <Line Type="bytes" Address="0x01402b2c" Value="0f841a010000"/>
            <Line Type="bytes" Address="0x01402b32" Value="833809"/>
            <Line Type="bytes" Address="0x01402b35" Value="0f842b010000"/>
            <Line Type="bytes" Address="0x01402b3b" Value="83380a"/>
            <Line Type="bytes" Address="0x01402b3e" Value="0f843c010000"/>
            <Line Type="bytes" Address="0x01402b44" Value="83380b"/>
            <Line Type="bytes" Address="0x01402b47" Value="0f844a010000"/>
            <Line Type="bytes" Address="0x01402b4d" Value="83380c"/>
            <Line Type="bytes" Address="0x01402b50" Value="0f8458010000"/>
            <Line Type="bytes" Address="0x01402b56" Value="83380d"/>
            <Line Type="bytes" Address="0x01402b59" Value="0f8466010000"/>
            <Line Type="bytes" Address="0x01402b5f" Value="83380e"/>
            <Line Type="bytes" Address="0x01402b62" Value="0f8474010000"/>
            <Line Type="bytes" Address="0x01402b68" Value="83380f"/>
            <Line Type="bytes" Address="0x01402b6b" Value="0f8482010000"/>
            <Line Type="bytes" Address="0x01402b71" Value="c70001000000"/>
            <Line Type="bytes" Address="0x01402b77" Value="e98f010000"/>
            <Line Type="bytes" Address="0x01402b7c" Value="c747500000803f"/>
            <Line Type="bytes" Address="0x01402b83" Value="c747540000803f"/>
            <Line Type="bytes" Address="0x01402b8a" Value="c747580000803f"/>
            <Line Type="bytes" Address="0x01402b91" Value="e972010000"/>
            <Line Type="bytes" Address="0x01402b96" Value="c7475000000000"/>
            <Line Type="bytes" Address="0x01402b9d" Value="c747540000803f"/>
            <Line Type="bytes" Address="0x01402ba4" Value="c7475800000000"/>
            <Line Type="bytes" Address="0x01402bab" Value="e958010000"/>
            <Line Type="bytes" Address="0x01402bb0" Value="c7475000000000"/>
            <Line Type="bytes" Address="0x01402bb7" Value="c7475400000000"/>
            <Line Type="bytes" Address="0x01402bbe" Value="c747580000803f"/>
            <Line Type="bytes" Address="0x01402bc5" Value="e93e010000"/>
            <Line Type="bytes" Address="0x01402bca" Value="c747500000803f"/>
            <Line Type="bytes" Address="0x01402bd1" Value="c7475400000000"/>
            <Line Type="bytes" Address="0x01402bd8" Value="c7475800000000"/>
            <Line Type="bytes" Address="0x01402bdf" Value="e924010000"/>
            <Line Type="bytes" Address="0x01402be4" Value="c7475000000000"/>
            <Line Type="bytes" Address="0x01402beb" Value="c747540000003f"/>
            <Line Type="bytes" Address="0x01402bf2" Value="c747580000003f"/>
            <Line Type="bytes" Address="0x01402bf9" Value="e90a010000"/>
            <Line Type="bytes" Address="0x01402bfe" Value="c7475000000000"/>
            <Line Type="bytes" Address="0x01402c05" Value="c7475400000000"/>
            <Line Type="bytes" Address="0x01402c0c" Value="c747580000003f"/>
            <Line Type="bytes" Address="0x01402c13" Value="e9f0000000"/>
            <Line Type="bytes" Address="0x01402c18" Value="c7475000000000"/>
            <Line Type="bytes" Address="0x01402c1f" Value="c747540000003f"/>
            <Line Type="bytes" Address="0x01402c26" Value="c7475800000000"/>
            <Line Type="bytes" Address="0x01402c2d" Value="e9d6000000"/>
            <Line Type="bytes" Address="0x01402c32" Value="c7475000000000"/>
            <Line Type="bytes" Address="0x01402c39" Value="c747540000803f"/>
            <Line Type="bytes" Address="0x01402c40" Value="c747580000803f"/>
            <Line Type="bytes" Address="0x01402c47" Value="e9bc000000"/>
            <Line Type="bytes" Address="0x01402c4c" Value="c747500000003f"/>
            <Line Type="bytes" Address="0x01402c53" Value="c7475400000000"/>
            <Line Type="bytes" Address="0x01402c5a" Value="c7475800000000"/>
            <Line Type="bytes" Address="0x01402c61" Value="e9a2000000"/>
            <Line Type="bytes" Address="0x01402c66" Value="c747500000403f"/>
            <Line Type="bytes" Address="0x01402c6d" Value="c747540000403f"/>
            <Line Type="bytes" Address="0x01402c74" Value="c747580000403f"/>
            <Line Type="bytes" Address="0x01402c7b" Value="e988000000"/>
            <Line Type="bytes" Address="0x01402c80" Value="c747500000003f"/>
            <Line Type="bytes" Address="0x01402c87" Value="c7475400000000"/>
            <Line Type="bytes" Address="0x01402c8e" Value="c747580000003f"/>
            <Line Type="bytes" Address="0x01402c95" Value="eb71"/>
            <Line Type="bytes" Address="0x01402c97" Value="c747500000003f"/>
            <Line Type="bytes" Address="0x01402c9e" Value="c747540000003f"/>
            <Line Type="bytes" Address="0x01402ca5" Value="c7475800000000"/>
            <Line Type="bytes" Address="0x01402cac" Value="eb5a"/>
            <Line Type="bytes" Address="0x01402cae" Value="c747500000003f"/>
            <Line Type="bytes" Address="0x01402cb5" Value="c747540000003f"/>
            <Line Type="bytes" Address="0x01402cbc" Value="c747580000003f"/>
            <Line Type="bytes" Address="0x01402cc3" Value="eb43"/>
            <Line Type="bytes" Address="0x01402cc5" Value="c747500000803f"/>
            <Line Type="bytes" Address="0x01402ccc" Value="c7475400000000"/>
            <Line Type="bytes" Address="0x01402cd3" Value="c747580000803f"/>
            <Line Type="bytes" Address="0x01402cda" Value="eb2c"/>
            <Line Type="bytes" Address="0x01402cdc" Value="c747500000803f"/>
            <Line Type="bytes" Address="0x01402ce3" Value="c747540000803f"/>
            <Line Type="bytes" Address="0x01402cea" Value="c7475800000000"/>
            <Line Type="bytes" Address="0x01402cf1" Value="eb15"/>
            <Line Type="bytes" Address="0x01402cf3" Value="c747500000803f"/>
            <Line Type="bytes" Address="0x01402cfa" Value="c747540000003f"/>
            <Line Type="bytes" Address="0x01402d01" Value="c7475800000000"/>
            <Line Type="bytes" Address="0x01402d08" Value="830001"/>
            <Line Type="bytes" Address="0x01402d0b" Value="5e"/>
            <Line Type="bytes" Address="0x01402d0c" Value="58"/>
            <Line Type="bytes" Address="0x01402d0d" Value="c5f8284750"/>
            <Line Type="bytes" Address="0x01402d12" Value="e9ee900000"/>
        </PatchList>
    </Metadata>
    <Metadata Title="Bloodborne"
              Name="Restore Debug Dash"
              Note="Press L3 to activate/deactivate then hold L2 to increase or L1 to decrease your current altitude and R2 for noclip."
              Author="stagvant"
              PatchVer="1.0"
              AppVer="01.09"
              AppElf="eboot.bin">
        <PatchList>
            <Line Type="bytes" Address="0x01cbd711" Value="e9cee10703"/>
            <Line Type="bytes" Address="0x04d3b8e4" Value="c5fa114584"/>
            <Line Type="bytes" Address="0x04d3b8e9" Value="488b0d902fc000"/>
            <Line Type="bytes" Address="0x04d3b8f0" Value="488b3df978b700"/>
            <Line Type="bytes" Address="0x04d3b8f7" Value="488b357a2fc000"/>
            <Line Type="bytes" Address="0x04d3b8fe" Value="488b8108010000"/>
            <Line Type="bytes" Address="0x04d3b905" Value="4885c0"/>
            <Line Type="bytes" Address="0x04d3b908" Value="7504"/>
            <Line Type="bytes" Address="0x04d3b90a" Value="488b4660"/>
            <Line Type="bytes" Address="0x04d3b90e" Value="4939c5"/>
            <Line Type="bytes" Address="0x04d3b911" Value="0f85ff1df8fc"/>
            <Line Type="bytes" Address="0x04d3b917" Value="4c8bf9"/>
            <Line Type="bytes" Address="0x04d3b91a" Value="488d0d87abc000"/>
            <Line Type="bytes" Address="0x04d3b921" Value="488b4738"/>
            <Line Type="bytes" Address="0x04d3b925" Value="488b4008"/>
            <Line Type="bytes" Address="0x04d3b929" Value="488d5808"/>
            <Line Type="bytes" Address="0x04d3b92d" Value="488bd0"/>
            <Line Type="bytes" Address="0x04d3b930" Value="eb06"/>
            <Line Type="bytes" Address="0x04d3b932" Value="488bde"/>
            <Line Type="bytes" Address="0x04d3b935" Value="488bd6"/>
            <Line Type="bytes" Address="0x04d3b938" Value="488b33"/>
            <Line Type="bytes" Address="0x04d3b93b" Value="807e1900"/>
            <Line Type="bytes" Address="0x04d3b93f" Value="750c"/>
            <Line Type="bytes" Address="0x04d3b941" Value="488d5e10"/>
            <Line Type="bytes" Address="0x04d3b945" Value="48394e20"/>
            <Line Type="bytes" Address="0x04d3b949" Value="7ced"/>
            <Line Type="bytes" Address="0x04d3b94b" Value="ebe5"/>
            <Line Type="bytes" Address="0x04d3b94d" Value="4839c2"/>
            <Line Type="bytes" Address="0x04d3b950" Value="741b"/>
            <Line Type="bytes" Address="0x04d3b952" Value="48394a20"/>
            <Line Type="bytes" Address="0x04d3b956" Value="488bc8"/>
            <Line Type="bytes" Address="0x04d3b959" Value="7f03"/>
            <Line Type="bytes" Address="0x04d3b95b" Value="488bca"/>
            <Line Type="bytes" Address="0x04d3b95e" Value="4839c1"/>
            <Line Type="bytes" Address="0x04d3b961" Value="740a"/>
            <Line Type="bytes" Address="0x04d3b963" Value="c6413001"/>
            <Line Type="bytes" Address="0x04d3b967" Value="4c8b7128"/>
            <Line Type="bytes" Address="0x04d3b96b" Value="eb0b"/>
            <Line Type="bytes" Address="0x04d3b96d" Value="4831f6"/>
            <Line Type="bytes" Address="0x04d3b970" Value="e83bab9cfc"/>
            <Line Type="bytes" Address="0x04d3b975" Value="4c8bf0"/>
            <Line Type="bytes" Address="0x04d3b978" Value="be17000000"/>
            <Line Type="bytes" Address="0x04d3b97d" Value="498bfe"/>
            <Line Type="bytes" Address="0x04d3b980" Value="e8db6265fc"/>
            <Line Type="bytes" Address="0x04d3b985" Value="84c0"/>
            <Line Type="bytes" Address="0x04d3b987" Value="7405"/>
            <Line Type="bytes" Address="0x04d3b989" Value="4180773101"/>
            <Line Type="bytes" Address="0x04d3b98e" Value="41807f3100"/>
            <Line Type="bytes" Address="0x04d3b993" Value="0f8487000000"/>
            <Line Type="bytes" Address="0x04d3b999" Value="41808de101000040"/>
            <Line Type="bytes" Address="0x04d3b9a1" Value="0f280da8c6dfff"/>
            <Line Type="bytes" Address="0x04d3b9a8" Value="0f590d817bf9ff"/>
            <Line Type="bytes" Address="0x04d3b9af" Value="488d7dc0"/>
            <Line Type="bytes" Address="0x04d3b9b3" Value="498bc5"/>
            <Line Type="bytes" Address="0x04d3b9b6" Value="e861c09cfc"/>
            <Line Type="bytes" Address="0x04d3b9bb" Value="be18000000"/>
            <Line Type="bytes" Address="0x04d3b9c0" Value="498bfe"/>
            <Line Type="bytes" Address="0x04d3b9c3" Value="e8986265fc"/>
            <Line Type="bytes" Address="0x04d3b9c8" Value="84c0"/>
            <Line Type="bytes" Address="0x04d3b9ca" Value="7403"/>
            <Line Type="bytes" Address="0x04d3b9cc" Value="0f58c1"/>
            <Line Type="bytes" Address="0x04d3b9cf" Value="be19000000"/>
            <Line Type="bytes" Address="0x04d3b9d4" Value="498bfe"/>
            <Line Type="bytes" Address="0x04d3b9d7" Value="e8846265fc"/>
            <Line Type="bytes" Address="0x04d3b9dc" Value="84c0"/>
            <Line Type="bytes" Address="0x04d3b9de" Value="7403"/>
            <Line Type="bytes" Address="0x04d3b9e0" Value="0f5cc1"/>
            <Line Type="bytes" Address="0x04d3b9e3" Value="488d75c0"/>
            <Line Type="bytes" Address="0x04d3b9e7" Value="0f2906"/>
            <Line Type="bytes" Address="0x04d3b9ea" Value="498bfd"/>
            <Line Type="bytes" Address="0x04d3b9ed" Value="e8ae5cf8fc"/>
            <Line Type="bytes" Address="0x04d3b9f2" Value="be1a000000"/>
            <Line Type="bytes" Address="0x04d3b9f7" Value="498bfe"/>
            <Line Type="bytes" Address="0x04d3b9fa" Value="e8616265fc"/>
            <Line Type="bytes" Address="0x04d3b9ff" Value="498b4d58"/>
            <Line Type="bytes" Address="0x04d3ba03" Value="84c0"/>
            <Line Type="bytes" Address="0x04d3ba05" Value="740c"/>
            <Line Type="bytes" Address="0x04d3ba07" Value="6683891401000008"/>
            <Line Type="bytes" Address="0x04d3ba0f" Value="b001"/>
            <Line Type="bytes" Address="0x04d3ba11" Value="eb17"/>
            <Line Type="bytes" Address="0x04d3ba13" Value="66c781140100000000"/>
            <Line Type="bytes" Address="0x04d3ba1c" Value="b001"/>
            <Line Type="bytes" Address="0x04d3ba1e" Value="eb0a"/>
            <Line Type="bytes" Address="0x04d3ba20" Value="4180a5e1010000bf"/>
            <Line Type="bytes" Address="0x04d3ba28" Value="30c0"/>
            <Line Type="bytes" Address="0x04d3ba2a" Value="c5fa104584"/>
            <Line Type="bytes" Address="0x04d3ba2f" Value="84c0"/>
            <Line Type="bytes" Address="0x04d3ba31" Value="0f84df1cf8fc"/>
            <Line Type="bytes" Address="0x04d3ba37" Value="f30f59059d98feff"/>
            <Line Type="bytes" Address="0x04d3ba3f" Value="e9d21cf8fc"/>
        </PatchList>
    </Metadata>
</Patch>