<?xml version="1.0" encoding="utf-8"?>
<!-- File generated from: /home/runner/work/GoldHEN_Patch_Repository/GoldHEN_Patch_Repository/patches/xml/Skyrim-Orbis.xml @ 2024-05-07 23:36:34 Tuesday (UTC +0000) -->
<Patch>
    <TitleID>
        <ID>CUSA05333</ID>
    </TitleID>
    <Metadata Title="Skyrim"
              Name="60 FPS Unlock"
              Author="illusion"
              PatchVer="1.0"
              AppVer="01.17"
              AppElf="eboot.bin">
        <PatchList>
            <Line Type="bytes32" Address="0x013a3a55" Value="0x00000001"/>
        </PatchList>
    </Metadata>
    <Metadata Title="Skyrim"
              Name="Resolution Patch (720p for Base)"
              Author="illusion"
              PatchVer="1.0"
              AppVer="01.17"
              AppElf="eboot.bin">
        <PatchList>
            <Line Type="bytes32" Address="0x016695ab" Value="0x00000500"/>
            <Line Type="bytes32" Address="0x016695af" Value="0x000002d0"/>
        </PatchList>
    </Metadata>
</Patch>
