<?xml version="1.0" encoding="utf-8"?>
<!-- File generated from: /home/runner/work/GoldHEN_Patch_Repository/GoldHEN_Patch_Repository/patches/xml/BloodborneNetworkTest-Orbis.xml @ 2024-05-07 23:36:34 Tuesday (UTC +0000) -->
<Patch>
    <TitleID>
        <ID>CUSA01318</ID>
        <ID>CUSA01322</ID>
        <ID>CUSA01333</ID>
        <ID>CUSA01335</ID>
    </TitleID>
    <Metadata Title="Bloodborne: Network Test"
              Name="Boot into TGS Mode (Netowrk Bypass)"
              Author="manfightdragon"
              PatchVer="1.0"
              AppVer="01.00"
              AppElf="eboot.bin">
        <PatchList>
            <Line Type="bytes" Address="0x007f58a4" Value="b801000000"/>
            <Line Type="bytes" Address="0x00c29ad0" Value="b800000000"/>
        </PatchList>
    </Metadata>
    <Metadata Title="Bloodborne: Network Test"
              Name="Debug Menu"
              Author="manfightdragon"
              PatchVer="1.0"
              AppVer="01.00"
              AppElf="eboot.bin">
        <PatchList>
            <!-- No TGS -->
            <Line Type="bytes" Address="0x007f58a4" Value="b800000000"/>
            <!-- No Gamescom -->
            <Line Type="bytes" Address="0x007f5824" Value="b800000000"/>
            <!-- ? -->
            <Line Type="bytes" Address="0x0074df61" Value="c60000"/>
            <!-- SPRJ.DebugMenu.DoesUseNewDebugMenu = false -->
            <Line Type="bytes" Address="0x00bf0188" Value="b800000000"/>
        </PatchList>
    </Metadata>
    <Metadata Title="Bloodborne: Network Test"
              Name="30 FPS Fix (Proper Frame Pacing)"
              Note="Caps framerate to 30 with proper frame pacing."
              Author="illusion, manfightdragon"
              PatchVer="1.0"
              AppVer="01.00"
              AppElf="eboot.bin">
        <PatchList>
            <Line Type="bytes" Address="0x00c346e5" Value="40c6c002"/>
            <Line Type="bytes" Address="0x02908da2" Value="be0100000089c79090909090"/>
        </PatchList>
    </Metadata>
    <Metadata Title="Bloodborne: Network Test"
              Name="60 FPS (with Deltatime)"
              Author="illusion"
              PatchVer="1.0"
              AppVer="01.00"
              AppElf="eboot.bin">
        <PatchList>
            <Line Type="bytes" Address="0x00c346e5" Value="40c6c002"/>
            <Line Type="utf16" Address="0x056b4040" Value="withSkip"/>
            <Line Type="bytes" Address="0x00c34ea5" Value="e850d9ea01"/>
            <Line Type="bytes" Address="0x00c34eaa" Value="90"/>
            <Line Type="bytes" Address="0x00c34eab" Value="90"/>
            <Line Type="bytes" Address="0x00c34eac" Value="90"/>
            <Line Type="bytes" Address="0x02ae27fa" Value="c5e258c9"/>
            <Line Type="bytes" Address="0x02ae27fe" Value="c5f258ca"/>
            <Line Type="bytes" Address="0x02ae2802" Value="c5fa1125366fd003"/>
            <Line Type="bytes" Address="0x02ae280a" Value="c3"/>
            <Line Type="bytes" Address="0x00c27178" Value="48e802b4eb01"/>
            <Line Type="bytes" Address="0x00c2717e" Value="90"/>
            <Line Type="bytes" Address="0x02ae2580" Value="4c8915c171d003"/>
            <Line Type="bytes" Address="0x02ae2587" Value="448b15b271d003"/>
            <Line Type="bytes" Address="0x02ae258e" Value="448955c8"/>
            <Line Type="bytes" Address="0x02ae2592" Value="4c8b15af71d003"/>
            <Line Type="bytes" Address="0x02ae2599" Value="c3"/>
        </PatchList>
    </Metadata>
    <Metadata Title="Bloodborne: Network Test"
              Name="Resolution Patch (720p)"
              Author="illusion"
              PatchVer="1.0"
              AppVer="01.00"
              AppElf="eboot.bin">
        <PatchList>
            <Line Type="bytes32" Address="0x06297018" Value="0x00000500"/>
            <Line Type="bytes32" Address="0x0629701c" Value="0x000002d0"/>
            <Line Type="byte" Address="0x056b1410" Value="0x00"/>
            <Line Type="byte" Address="0x056b1440" Value="0x00"/>
        </PatchList>
    </Metadata>
    <Metadata Title="Bloodborne: Network Test"
              Name="Disable Chromatic Aberration"
              Author="illusion"
              PatchVer="1.0"
              AppVer="01.00"
              AppElf="eboot.bin">
        <PatchList>
            <Line Type="bytes" Address="0x01905491" Value="48b100"/>
        </PatchList>
    </Metadata>
    <Metadata Title="Bloodborne: Network Test"
              Name="Disable Motion Blur"
              Author="illusion"
              PatchVer="1.0"
              AppVer="01.00"
              AppElf="eboot.bin">
        <PatchList>
            <Line Type="byte" Address="0x0198a0e7" Value="0xeb"/>
        </PatchList>
    </Metadata>
</Patch>
