<?xml version="1.0" encoding="utf-8"?>
<!-- File generated from: /home/runner/work/GoldHEN_Patch_Repository/GoldHEN_Patch_Repository/patches/xml/ResidentEvil2-Orbis.xml @ 2024-05-07 23:36:34 Tuesday (UTC +0000) -->
<Patch>
    <TitleID>
        <ID>CUSA09193</ID>
    </TitleID>
    <Metadata Title="Resident Evil 2"
              Name="Resolution Patch"
              Note="720p for Base, 1080p for Pro."
              Author="illusion"
              PatchVer="1.0"
              AppVer="01.05"
              AppElf="eboot.bin">
        <PatchList>
            <Line Type="bytes32" Address="0x043c62d7" Value="0x3f2b851f"/>
        </PatchList>
    </Metadata>
    <Metadata Title="Resident Evil 2"
              Name="30 FPS Limit (Proper Frame-Pacing)"
              Author="illusion"
              PatchVer="1.0"
              AppVer="01.05"
              AppElf="eboot.bin">
        <PatchList>
            <Line Type="bytes" Address="0x0436e473" Value="48e8db070000"/>
            <Line Type="bytes" Address="0x0436ec54" Value="418b7f10be01000000c3"/>
        </PatchList>
    </Metadata>
</Patch>
