<?xml version="1.0" encoding="utf-8"?>
<!-- File generated from: /home/runner/work/GoldHEN_Patch_Repository/GoldHEN_Patch_Repository/patches/xml/Prototype2.xml @ 2024-05-07 23:36:34 Tuesday (UTC +0000) -->
<Patch>
    <TitleID>
        <ID>CUSA01765</ID>
    </TitleID>
    <Metadata Title="Prototype 2"
              Name="Debug Menu"
              Note="Press thumbstick in Map Menu for Debug Menu"
              Author="dron3, illusion"
              PatchVer="1.0"
              AppVer="01.00"
              AppElf="eboot.bin">
        <PatchList>
            <Line Type="utf8" Address="0x013fcc9d" Value="RAD_RELEASE"/>
        </PatchList>
    </Metadata>
</Patch>
