<?xml version="1.0" encoding="utf-8"?>
<!-- File generated from: /home/runner/work/GoldHEN_Patch_Repository/GoldHEN_Patch_Repository/patches/xml/RedDeadRedemption2-Orbis.xml @ 2024-05-07 23:36:34 Tuesday (UTC +0000) -->
<Patch>
    <TitleID>
        <ID>CUSA03041</ID>
        <ID>CUSA08519</ID>
        <ID>CUSA08568</ID>
    </TitleID>
    <Metadata Title="Red Dead Redemption 2"
              Name="Unlock FPS"
              Author="illusion"
              PatchVer="1.0"
              AppVer="01.29"
              AppElf="eboot.bin">
        <PatchList>
            <Line Type="bytes" Address="0x0578ab57" Value="be00000000"/>
        </PatchList>
    </Metadata>
    <Metadata Title="Red Dead Redemption 2"
              Name="Skip Intro"
              Author="illusion"
              PatchVer="1.0"
              AppVer="01.29"
              AppElf="eboot.bin">
        <PatchList>
            <Line Type="bytes" Address="0x009b4f44" Value="909090909090"/>
        </PatchList>
    </Metadata>
</Patch>
