<?xml version="1.0" encoding="utf-8"?>
<!-- File generated from: /home/runner/work/GoldHEN_Patch_Repository/GoldHEN_Patch_Repository/patches/xml/DragonAgeInquisition-Orbis.xml @ 2024-05-07 23:36:34 Tuesday (UTC +0000) -->
<Patch>
    <TitleID>
        <ID>CUSA00220</ID>
        <ID>CUSA00503</ID>
        <ID>CUSA00728</ID>
        <ID>CUSA01425</ID>
    </TitleID>
    <Metadata Title="Dragon Age: Inquisition"
              Name="60 FPS"
              Author="illusion"
              PatchVer="1.0"
              AppVer="01.12"
              AppElf="eboot.bin">
        <PatchList>
            <Line Type="bytes" Address="0x015dcc1f" Value="be00000000"/>
            <Line Type="bytes" Address="0x012517d1" Value="c744202800007042"/>
            <Line Type="bytes" Address="0x012517d9" Value="c644205201"/>
            <Line Type="bytes" Address="0x015dcc5f" Value="b800000000"/> <!-- full vsync -->
        </PatchList>
    </Metadata>
    <Metadata Title="Dragon Age: Inquisition"
              Name="83% Resolution Scale"
              Author="illusion"
              PatchVer="1.0"
              AppVer="01.12"
              AppElf="eboot.bin">
        <PatchList>
            <Line Type="float32" Address="0x01306896" Value="0.83"/>
        </PatchList>
    </Metadata>
    <Metadata Title="Dragon Age: Inquisition"
              Name="67% Resolution Scale"
              Author="illusion"
              PatchVer="1.0"
              AppVer="01.12"
              AppElf="eboot.bin">
        <PatchList>
            <Line Type="float32" Address="0x01306896" Value="0.67"/>
        </PatchList>
    </Metadata>
    <Metadata Title="Dragon Age: Inquisition"
              Name="50% Resolution Scale"
              Author="illusion"
              PatchVer="1.0"
              AppVer="01.12"
              AppElf="eboot.bin">
        <PatchList>
            <Line Type="float32" Address="0x01306896" Value="0.50"/>
        </PatchList>
    </Metadata>
</Patch>
